<?xml version="1.0" encoding="UTF-8"?>
<preferences xmlns="http://www.demandware.com/xml/impex/preferences/2007-03-31">
    <custom-preferences>
        <all-instances/>
        <development>
            <preference preference-id="emarsysAddressFieldsMap">{
 "1": {
    "1_1": "firstName",
    "2_1": "lastName",
    "3_1": "emailAddress",
    "10_1": "address1",
    "11_1": "city",
    "12_1": "stateCode",
    "13_1": "postalCode",
    "14_1": "countryCode",
    "15_1": "phone",
    "18_1": "companyName"
 },
 "2": {
    "1_2": "firstName",
    "2_2": "lastName",
    "3_2": "emailAddress",
    "10_2": "address1",
    "11_2": "city",
    "12_2": "stateCode",
    "13_2": "postalCode",
    "14_2": "countryCode",
    "15_2": "phone",
    "18_2": "companyName"
  }
}</preference>
            <preference preference-id="emarsysAppId"></preference>
            <preference preference-id="emarsysCancelledOrderInformationElements">[
        {
			"value" : "billingAddress.address1",
			"name"  : "Billing: Address 1"
		},
        {
			"value" : "billingAddress.address2",
			"name"  : "Billing: Address 2"
		},
        {
			"value" : "billingAddress.postalCode",
			"name"  : "Billing: Postal Code"
		},
        {
			"value" : "billingAddress.city",
			"name"  : "Billing: City"
		},
        {
			"value" : "billingAddress.countryCode.displayValue",
			"name"  : "Billing: Country"
		},
        {
			"value" : "billingAddress.phone",
			"name"  : "Billing: Phone"
		},
        {
			"value" : "shippingAddress.address1",
			"name"  : "Shipping: Address 1"
		},
        {
			"value" : "shippingAddress.address2",
			"name"  : "Shipping: Address 2"
		},
        {
			"value" : "shippingAddress.postalCode",
			"name"  : "Shipping: Postal Code"
		},
        {
			"value" : "shippingAddress.city",
			"name"  : "Shipping: City"
		},
        {
			"value" : "shippingAddress.countryCode.displayValue",
			"name"  : "Shipping: Country"
		},
        {
			"value" : "shippingAddress.phone",
			"name"  : "Shipping: Phone"
		},
        {
			"value" : "order.customerEmail",
			"name"  : "Customer email"
		},
        {
			"value" : "order.orderNo",
			"name"  : "Order number"
		},
        {
			"value" : "order.creationDate",
			"name"  : "Order date"
		},
        {
			"value" : "deliveryMethod.display",
			"name"  : "Delivery method"
		},
        {
			"value" : "paymentMethod.display",
			"name"  : "Payment method"
		},
        {
			"value" : "shippingCosts.display",
			"name"  : "Shipping costs"
		},
        {
			"value" : "order.totalNetPrice",
			"name"  : "Order: Total NET price"
		},
        {
			"value" : "order.totalGrossPrice",
			"name"  : "Order: Total GROSS price"
		},
        {
			"value" : "order.totalTax",
			"name"  : "Order taxes"
		},
        {
			"value" : "orderRebate.display",
			"name"  : "Order rebate"
		},
        {
			"value" : "product.productName",
			"name"  : "Products: Product name"
		},
        {
			"value" : "product.quantityValue",
			"name"  : "Products: Product quantity"
		},
        {
			"value" : "product.url",
			"name"  : "Products: Product URL"
		},
        {
			"value" : "product.image",
			"name"  : "Products: Product image"
		},
        {
			"value" : "product.tax",
			"name"  : "Products: Product tax"
		},
        {
			"value" : "product.price.currencyCode",
			"name"  : "Products: Product price currency"
		},
        {
			"value" : "product.adjustedPrice",
			"name"  : "Products: Product price"
		},
        {
			"value" : "product.rebate",
			"name"  : "Products: Product rebate"
		},
        {
			"value" : "product.adjustedGrossPrice",
			"name"  : "Products: Product gross price"
		},
        {
			"value" : "trackingNumber",
			"name"  : "Tracking number"
		},
        {
			"value" : "custom.shippingCompany",
			"name"  : "Custom: Shipping company"
		},
        {
			"value" : "custom.arrivalDate",
			"name"  : "Custom: Arrival date"
		},
        {
			"value" : "custom.trackingLink",
			"name"  : "Custom: Tracking URL"
		}
]</preference>
            <preference preference-id="emarsysCatalogExportType">[
        {
            "id" : "master",
            "name" : "master.export.type.label"
        },
        {
            "id" : "variations",
            "name" : "variations.export.type.label"
        }
    ]</preference>
            <preference preference-id="emarsysContactFieldsMap">{
				"1": "firstName",
				"2": "lastName",
				"3": "emailAddress",
				"4": "birthday",
				"5": "gender",
				"10": "address1",
				"11": "city",
				"12": "stateCode",
				"13": "postalCode",
				"14": "countryCode",
				"15": "phone",
				"17": "jobTitle",
				"18": "companyName",
				"46": "salutation"
			}</preference>
            <preference preference-id="emarsysCountryCodes">{"us": 185,"uk": 184,"de": 65,"fr": 61}</preference>
            <preference preference-id="emarsysCustomerId"></preference>
            <preference preference-id="emarsysDBLoadAttributes">[
	{
		"value" : "firstName",
		"name"  : "First Name"
	},
	{
		"value" : "lastName",
		"name"  : "Last Name"
	},
	{
		"value" : "email",
		"name"  : "E-mail"
	},
	{
		"value" : "address1",
		"name"  : "Address"
	},
	{
		"value" : "postalCode",
		"name"  : "ZIP Code"
	},
	{
		"value" : "city",
		"name"  : "City"
	},
	{
		"value" : "stateCode",
		"name"  : "State"
	},
	{
		"value" : "countryCode",
		"name"  : "Country"
	},
	{
		"value" : "phone",
		"name"  : "Phone"
	},
	{
		"value" : "phoneMobile",
		"name"  : "Mobile"
	},
	{
		"value" : "fax",
		"name"  : "Fax"
	},
	{
		"value" : "gender",
		"name"  : "Gender"
	},
	{
		"value" : "birthday",
		"name"  : "Date of Birth"
	},
	{
		"value" : "companyName",
		"name"  : "Company"
	},
        {
		"value" : "creationDate",
		"name"  : "Creation data"
	}		
]</preference>
            <preference preference-id="emarsysDBLoadExportStatus">false</preference>
            <preference preference-id="emarsysEnabled">false</preference>
            <preference preference-id="emarsysFileNameString">initial_2020false08false24092418</preference>
            <preference preference-id="emarsysGenderCodes">{"male": 1,"female": 2}</preference>
            <preference preference-id="emarsysGetProfileFieldsLanguage">en</preference>
            <preference preference-id="emarsysIMPEXFolderString">inidb/RefArch</preference>
            <preference preference-id="emarsysLoyalsysURLexaccess">https://exaccess-stg.loyalsys.io/v1.0.1/ls_ea.min.js?x=</preference>
            <preference preference-id="emarsysLoyalsysURLuiElements">https://ui-elements-staging.loyalsys.io/v1.0.1/embed.min.js?x=</preference>
            <preference preference-id="emarsysLoyaltyWalletEnabled">false</preference>
            <preference preference-id="emarsysOrderConfirmationElements">[
        {
			"value" : "billingAddress.address1",
			"name"  : "Billing: Address 1"
		},
        {
			"value" : "billingAddress.address2",
			"name"  : "Billing: Address 2"
		},
        {
			"value" : "billingAddress.postalCode",
			"name"  : "Billing: Postal Code"
		},
        {
			"value" : "billingAddress.city",
			"name"  : "Billing: City"
		},
        {
			"value" : "billingAddress.countryCode.displayValue",
			"name"  : "Billing: Country"
		},
        {
			"value" : "billingAddress.phone",
			"name"  : "Billing: Phone"
		},
        {
			"value" : "shippingAddress.address1",
			"name"  : "Shipping: Address 1"
		},
        {
			"value" : "shippingAddress.address2",
			"name"  : "Shipping: Address 2"
		},
        {
			"value" : "shippingAddress.postalCode",
			"name"  : "Shipping: Postal Code"
		},
        {
			"value" : "shippingAddress.city",
			"name"  : "Shipping: City"
		},
        {
			"value" : "shippingAddress.countryCode.displayValue",
			"name"  : "Shipping: Country"
		},
        {
			"value" : "shippingAddress.phone",
			"name"  : "Shipping: Phone"
		},
        {
			"value" : "order.customerEmail",
			"name"  : "Customer email"
		},
        {
			"value" : "order.orderNo",
			"name"  : "Order number"
		},
        {
			"value" : "order.creationDate",
			"name"  : "Order date"
		},
        {
			"value" : "deliveryMethod.display",
			"name"  : "Delivery method"
		},
        {
			"value" : "paymentMethod.display",
			"name"  : "Payment method"
		},
        {
			"value" : "shippingCosts.display",
			"name"  : "Shipping costs"
		},
        {
			"value" : "order.totalNetPrice",
			"name"  : "Order: Total NET price"
		},
        {
			"value" : "order.totalGrossPrice",
			"name"  : "Order: Total GROSS price"
		},
        {
			"value" : "order.totalTax",
			"name"  : "Order taxes"
		},
        {
			"value" : "orderRebate.display",
			"name"  : "Order rebate"
		},
        {
			"value" : "product.productName",
			"name"  : "Products: Product name"
		},
        {
			"value" : "product.quantityValue",
			"name"  : "Products: Product quantity"
		},
        {
			"value" : "product.url",
			"name"  : "Products: Product URL"
		},
        {
			"value" : "product.image",
			"name"  : "Products: Product image"
		},
        {
			"value" : "productItemTax.display",
			"name"  : "Products: Product tax !"
		},
        {
			"value" : "product.price.currencyCode",
			"name"  : "Products: Product price currency"
		},
        {
			"value" : "productItemPrice.display",
			"name"  : "Products: Product price"
		},
        {
			"value" : "product.rebate",
			"name"  : "Products: Product rebate"
		},
        {
			"value" : "productItemGrossPrice.display",
			"name"  : "Products: Product gross price"
		}
]</preference>
            <preference preference-id="emarsysPredictCartPageRecommendationType">PERSONAL_REC</preference>
            <preference preference-id="emarsysPredictCategoryPageRecommendationType">PERSONAL_REC</preference>
            <preference preference-id="emarsysPredictEnableJSTrackingCode">true</preference>
            <preference preference-id="emarsysPredictHomePageRecommendationType">PERSONAL_REC</preference>
            <preference preference-id="emarsysPredictLocCurMap">{"default":"USD", "en_US":"USD", "en":"USD"}</preference>
            <preference preference-id="emarsysPredictMerchantID">1273D0A7ACB7A11D</preference>
            <preference preference-id="emarsysPredictPDPRecommendationType">PERSONAL_REC</preference>
            <preference preference-id="emarsysPredictProductAttributes">
                <value>product.ID</value>
                <value>product.availability</value>
                <value>product.name</value>
                <value>product.url</value>
                <value>product.image</value>
                <value>product.categories</value>
                <value>product.price</value>
                <value>product.brand</value>
                <value>product.group_id</value>
            </preference>
            <preference preference-id="emarsysPredictSearchPageRecommendationType">PERSONAL_REC</preference>
            <preference preference-id="emarsysPredictThankYouForOrderPageRecommendationType">PERSONAL_REC</preference>
            <preference preference-id="emarsysPredictVariationAttributes">
                <value>product.custom.color</value>
                <value>product.custom.size</value>
            </preference>
            <preference preference-id="emarsysProductImageSize">small</preference>
            <preference preference-id="emarsysRegion">eu</preference>
            <preference preference-id="emarsysSecret"></preference>
            <preference preference-id="emarsysShippingInformationElements">[
        {
			"value" : "billingAddress.address1",
			"name"  : "Billing: Address 1"
		},
        {
			"value" : "billingAddress.address2",
			"name"  : "Billing: Address 2"
		},
        {
			"value" : "billingAddress.postalCode",
			"name"  : "Billing: Postal Code"
		},
        {
			"value" : "billingAddress.city",
			"name"  : "Billing: City"
		},
        {
			"value" : "billingAddress.countryCode.displayValue",
			"name"  : "Billing: Country"
		},
        {
			"value" : "billingAddress.phone",
			"name"  : "Billing: Phone"
		},
        {
			"value" : "shippingAddress.address1",
			"name"  : "Shipping: Address 1"
		},
        {
			"value" : "shippingAddress.address2",
			"name"  : "Shipping: Address 2"
		},
        {
			"value" : "shippingAddress.postalCode",
			"name"  : "Shipping: Postal Code"
		},
        {
			"value" : "shippingAddress.city",
			"name"  : "Shipping: City"
		},
        {
			"value" : "shippingAddress.countryCode.displayValue",
			"name"  : "Shipping: Country"
		},
        {
			"value" : "shippingAddress.phone",
			"name"  : "Shipping: Phone"
		},
        {
			"value" : "order.customerEmail",
			"name"  : "Customer email"
		},
        {
			"value" : "order.orderNo",
			"name"  : "Order number"
		},
        {
			"value" : "order.creationDate",
			"name"  : "Order date"
		},
        {
			"value" : "deliveryMethod.display",
			"name"  : "Delivery method"
		},
        {
			"value" : "paymentMethod.display",
			"name"  : "Payment method"
		},
        {
			"value" : "shippingCosts.display",
			"name"  : "Shipping costs"
		},
        {
			"value" : "order.totalNetPrice",
			"name"  : "Order: Total NET price"
		},
        {
			"value" : "order.totalGrossPrice",
			"name"  : "Order: Total GROSS price"
		},
        {
			"value" : "order.totalTax",
			"name"  : "Order taxes"
		},
        {
			"value" : "orderRebate.display",
			"name"  : "Order rebate"
		},
        {
			"value" : "product.productName",
			"name"  : "Products: Product name"
		},
        {
			"value" : "product.quantityValue",
			"name"  : "Products: Product quantity"
		},
        {
			"value" : "product.url",
			"name"  : "Products: Product URL"
		},
        {
			"value" : "product.image",
			"name"  : "Products: Product image"
		},
        {
			"value" : "product.tax",
			"name"  : "Products: Product tax"
		},
        {
			"value" : "product.price.currencyCode",
			"name"  : "Products: Product price currency"
		},
        {
			"value" : "product.adjustedPrice",
			"name"  : "Products: Product price"
		},
        {
			"value" : "product.rebate",
			"name"  : "Products: Product rebate"
		},
        {
			"value" : "product.adjustedGrossPrice",
			"name"  : "Products: Product gross price"
		},
        {
			"value" : "trackingNumber",
			"name"  : "Tracking number"
		},
        {
			"value" : "custom.shippingCompany",
			"name"  : "Custom: Shipping company"
		},
        {
			"value" : "custom.arrivalDate",
			"name"  : "Custom: Arrival date"
		},
        {
			"value" : "custom.trackingLink",
			"name"  : "Custom: Tracking URL"
		}
]</preference>
            <preference preference-id="emarsysSingleChoiceValueMapping">{"9":[{"value":"4","choice":"Dr."},{"value":"5","choice":"Mag."},{"value":"6","choice":"Ing."},{"value":"7","choice":"Dipl.Ing."},{"value":"8","choice":"Prof."},{"value":"9","choice":"Dkfm."},{"value":"1","choice":"Dir."},{"value":"12","choice":"Prok."}],"46":[{"value":"6","choice":"Mx."},{"value":"1","choice":"Mr."},{"value":"2","choice":"Ms."},{"value":"4","choice":"Family"},{"value":"5","choice":"Company"}],"26":[{"value":"1","choice":"HTML"},{"value":"2","choice":"Text only"}],"14":[{"value":"10","choice":"Austria"},{"value":"65","choice":"Germany"},{"value":"168","choice":"Switzerland"},{"value":"100","choice":"Liechtenstein"},{"value":"1","choice":"Afghanistan"},{"value":"2","choice":"Albania"},{"value":"3","choice":"Algeria"},{"value":"4","choice":"Andorra"},{"value":"5","choice":"Angola"},{"value":"6","choice":"Antigua and Barbuda"},{"value":"7","choice":"Argentina"},{"value":"8","choice":"Armenia"},{"value":"9","choice":"Australia"},{"value":"11","choice":"Azerbaijan"},{"value":"12","choice":"Bahamas"},{"value":"13","choice":"Bahrain"},{"value":"14","choice":"Bangladesh"},{"value":"15","choice":"Barbados"},{"value":"16","choice":"Belarus"},{"value":"17","choice":"Belgium"},{"value":"18","choice":"Belize"},{"value":"19","choice":"Benin"},{"value":"20","choice":"Bhutan"},{"value":"21","choice":"Bolivia"},{"value":"22","choice":"Bosnia and Herzegovina"},{"value":"23","choice":"Botswana"},{"value":"24","choice":"Brazil"},{"value":"25","choice":"Brunei Darussalam"},{"value":"26","choice":"Bulgaria"},{"value":"27","choice":"Burkina Faso"},{"value":"28","choice":"Burma"},{"value":"29","choice":"Burundi"},{"value":"30","choice":"Cambodia"},{"value":"31","choice":"Cameroon"},{"value":"32","choice":"Canada"},{"value":"201","choice":"Canary Islands"},{"value":"33","choice":"Cape Verde"},{"value":"34","choice":"Central African Republic"},{"value":"35","choice":"Chad"},{"value":"36","choice":"Chile"},{"value":"37","choice":"China"},{"value":"38","choice":"Colombia"},{"value":"39","choice":"Comoros"},{"value":"40","choice":"Congo"},{"value":"41","choice":"Congo, Democratic Republic of the"},{"value":"42","choice":"Costa Rica"},{"value":"43","choice":"Cote d'Ivoire"},{"value":"44","choice":"Croatia"},{"value":"45","choice":"Cuba"},{"value":"46","choice":"Cyprus"},{"value":"47","choice":"Czech Republic"},{"value":"48","choice":"Denmark"},{"value":"49","choice":"Djibouti"},{"value":"50","choice":"Dominica"},{"value":"51","choice":"Dominican Republic"},{"value":"258","choice":"East Timor"},{"value":"52","choice":"Ecuador"},{"value":"53","choice":"Egypt"},{"value":"54","choice":"El Salvador"},{"value":"55","choice":"Equatorial Guinea"},{"value":"56","choice":"Eritrea"},{"value":"57","choice":"Estonia"},{"value":"58","choice":"Ethiopia"},{"value":"59","choice":"Fiji"},{"value":"60","choice":"Finland"},{"value":"61","choice":"France"},{"value":"62","choice":"Gabon"},{"value":"63","choice":"Gambia, The"},{"value":"64","choice":"Georgia"},{"value":"66","choice":"Ghana"},{"value":"203","choice":"Gibraltar"},{"value":"67","choice":"Greece"},{"value":"198","choice":"Greenland"},{"value":"68","choice":"Grenada"},{"value":"69","choice":"Guatemala"},{"value":"70","choice":"Guinea"},{"value":"71","choice":"Guinea-Bissau"},{"value":"72","choice":"Guyana"},{"value":"73","choice":"Haiti"},{"value":"74","choice":"Honduras"},{"value":"205","choice":"Hong Kong"},{"value":"75","choice":"Hungary"},{"value":"76","choice":"Iceland"},{"value":"77","choice":"India"},{"value":"78","choice":"Indonesia"},{"value":"79","choice":"Iran"},{"value":"80","choice":"Iraq"},{"value":"81","choice":"Ireland"},{"value":"82","choice":"Israel"},{"value":"83","choice":"Italy"},{"value":"84","choice":"Jamaica"},{"value":"85","choice":"Japan"},{"value":"86","choice":"Jordan"},{"value":"87","choice":"Kazakhstan"},{"value":"88","choice":"Kenya"},{"value":"89","choice":"Kiribati"},{"value":"90","choice":"Korea, North"},{"value":"91","choice":"Korea, South"},{"value":"259","choice":"Kosovo"},{"value":"92","choice":"Kuwait"},{"value":"93","choice":"Kyrgyzstan"},{"value":"94","choice":"Laos"},{"value":"95","choice":"Latvia"},{"value":"96","choice":"Lebanon"},{"value":"97","choice":"Lesotho"},{"value":"98","choice":"Liberia"},{"value":"99","choice":"Libya"},{"value":"101","choice":"Lithuania"},{"value":"102","choice":"Luxembourg"},{"value":"206","choice":"Macau"},{"value":"103","choice":"Macedonia"},{"value":"104","choice":"Madagascar"},{"value":"105","choice":"Malawi"},{"value":"106","choice":"Malaysia"},{"value":"107","choice":"Maldives"},{"value":"108","choice":"Mali"},{"value":"109","choice":"Malta"},{"value":"110","choice":"Marshall Islands"},{"value":"111","choice":"Mauritania"},{"value":"112","choice":"Mauritius"},{"value":"113","choice":"Mexico"},{"value":"114","choice":"Micronesia"},{"value":"115","choice":"Moldova"},{"value":"116","choice":"Monaco"},{"value":"117","choice":"Mongolia"},{"value":"202","choice":"Montenegro"},{"value":"118","choice":"Morocco"},{"value":"119","choice":"Mozambique"},{"value":"120","choice":"Myanmar"},{"value":"121","choice":"Namibia"},{"value":"122","choice":"Nauru"},{"value":"123","choice":"Nepal"},{"value":"204","choice":"Netherlands Antilles"},{"value":"125","choice":"New Zealand"},{"value":"126","choice":"Nicaragua"},{"value":"127","choice":"Niger"},{"value":"128","choice":"Nigeria"},{"value":"129","choice":"Norway"},{"value":"130","choice":"Oman"},{"value":"131","choice":"Pakistan"},{"value":"132","choice":"Palau"},{"value":"133","choice":"Palestine"},{"value":"134","choice":"Panama"},{"value":"135","choice":"Papua New Guinea"},{"value":"136","choice":"Paraguay"},{"value":"137","choice":"Peru"},{"value":"138","choice":"Philippines"},{"value":"139","choice":"Poland"},{"value":"140","choice":"Portugal"},{"value":"141","choice":"Qatar"},{"value":"142","choice":"Romania"},{"value":"143","choice":"Russia"},{"value":"144","choice":"Rwanda"},{"value":"148","choice":"Samoa"},{"value":"149","choice":"San Marino"},{"value":"150","choice":"São Tomé and Príncipe"},{"value":"151","choice":"Saudi Arabia"},{"value":"152","choice":"Senegal"},{"value":"153","choice":"Serbia"},{"value":"154","choice":"Seychelles"},{"value":"155","choice":"Sierra Leone"},{"value":"156","choice":"Singapore"},{"value":"157","choice":"Slovakia"},{"value":"158","choice":"Slovenia"},{"value":"159","choice":"Solomon Islands"},{"value":"160","choice":"Somalia"},{"value":"161","choice":"South Africa"},{"value":"162","choice":"Spain"},{"value":"163","choice":"Sri Lanka"},{"value":"145","choice":"St. Kitts and Nevis"},{"value":"146","choice":"St. Lucia"},{"value":"147","choice":"St. Vincent and The Grenadines"},{"value":"164","choice":"Sudan"},{"value":"165","choice":"Suriname"},{"value":"166","choice":"Swaziland"},{"value":"167","choice":"Sweden"},{"value":"169","choice":"Syria"},{"value":"170","choice":"Taiwan"},{"value":"171","choice":"Tajikistan"},{"value":"172","choice":"Tanzania"},{"value":"173","choice":"Thailand"},{"value":"124","choice":"The Netherlands"},{"value":"174","choice":"Togo"},{"value":"175","choice":"Tonga"},{"value":"176","choice":"Trinidad and Tobago"},{"value":"177","choice":"Tunisia"},{"value":"178","choice":"Turkey"},{"value":"179","choice":"Turkmenistan"},{"value":"180","choice":"Tuvalu"},{"value":"181","choice":"Uganda"},{"value":"182","choice":"Ukraine"},{"value":"183","choice":"United Arab Emirates"},{"value":"184","choice":"United Kingdom"},{"value":"185","choice":"United States of America"},{"value":"186","choice":"Uruguay"},{"value":"187","choice":"Uzbekistan"},{"value":"188","choice":"Vanuatu"},{"value":"189","choice":"Vatican City"},{"value":"190","choice":"Venezuela"},{"value":"191","choice":"Vietnam"},{"value":"199","choice":"Virgin Islands"},{"value":"192","choice":"Western Sahara"},{"value":"193","choice":"Yemen"},{"value":"194","choice":"Yugoslavia"},{"value":"195","choice":"Zaire"},{"value":"196","choice":"Zambia"},{"value":"197","choice":"Zimbabwe"},{"value":"257","choice":"Isle of Man"},{"value":"260","choice":"Åland Islands"},{"value":"261","choice":"Anguilla"},{"value":"262","choice":"Aruba"},{"value":"263","choice":"Bermuda"},{"value":"264","choice":"Bouvet Island"},{"value":"265","choice":"British Indian Ocean Territory"},{"value":"266","choice":"Cayman Islands"},{"value":"267","choice":"Christmas Island"},{"value":"268","choice":"Cocos (Keeling) Islands"},{"value":"269","choice":"Cook Islands"},{"value":"270","choice":"Curaçao"},{"value":"271","choice":"Falkland Islands"},{"value":"272","choice":"French Guiana"},{"value":"273","choice":"French Polynesia"},{"value":"274","choice":"French Southern and Antarctic Lands"},{"value":"275","choice":"Guadeloupe"},{"value":"276","choice":"Guernsey"},{"value":"277","choice":"Heard Island and McDonald Islands"},{"value":"278","choice":"Jersey"},{"value":"279","choice":"Martinique"},{"value":"280","choice":"Mayotte"},{"value":"281","choice":"Montserrat"},{"value":"282","choice":"New Caledonia"},{"value":"283","choice":"Niue"},{"value":"284","choice":"Norfolk Island"},{"value":"285","choice":"Palestinian territories"},{"value":"286","choice":"Pitcairn Islands"},{"value":"287","choice":"Réunion"},{"value":"288","choice":"Saint Barthélemy"},{"value":"289","choice":"Saint Helena"},{"value":"290","choice":"Saint Martin"},{"value":"291","choice":"Saint Pierre and Miquelon"},{"value":"292","choice":"Sint Maarten"},{"value":"293","choice":"South Georgia and the South Sandwich Islands"},{"value":"294","choice":"South Sudan"},{"value":"295","choice":"Svalbard and Jan Mayen"},{"value":"296","choice":"Tokelau"},{"value":"297","choice":"Turks and Caicos Islands"},{"value":"298","choice":"United States Minor Outlying Islands"},{"value":"299","choice":"Wallis and Futuna"},{"value":"300","choice":"Faroe Islands"}],"5":[{"value":"1","choice":"Male"},{"value":"2","choice":"Female"},{"value":"3","choice":"Prefer not to say"}],"8":[{"value":"1","choice":"Elementary School"},{"value":"2","choice":"Comprehensive School"},{"value":"3","choice":"Apprenticeship"},{"value":"4","choice":"High School, Grammar School"},{"value":"5","choice":"College, College/University degree"},{"value":"6","choice":"Post-graduate studies"}],"6":[{"value":"1","choice":"Single"},{"value":"2","choice":"Married"},{"value":"3","choice":"Partnership"},{"value":"4","choice":"Divorced"},{"value":"5","choice":"Widowed"}],"7":[{"value":"1","choice":"0"},{"value":"2","choice":"1"},{"value":"3","choice":"2"},{"value":"4","choice":"3"},{"value":"5","choice":"&gt; 3"}],"45":[{"value":"10","choice":"Austria"},{"value":"65","choice":"Germany"},{"value":"168","choice":"Switzerland"},{"value":"100","choice":"Liechtenstein"},{"value":"1","choice":"Afghanistan"},{"value":"2","choice":"Albania"},{"value":"3","choice":"Algeria"},{"value":"4","choice":"Andorra"},{"value":"5","choice":"Angola"},{"value":"6","choice":"Antigua and Barbuda"},{"value":"7","choice":"Argentina"},{"value":"8","choice":"Armenia"},{"value":"9","choice":"Australia"},{"value":"11","choice":"Azerbaijan"},{"value":"12","choice":"Bahamas"},{"value":"13","choice":"Bahrain"},{"value":"14","choice":"Bangladesh"},{"value":"15","choice":"Barbados"},{"value":"16","choice":"Belarus"},{"value":"17","choice":"Belgium"},{"value":"18","choice":"Belize"},{"value":"19","choice":"Benin"},{"value":"20","choice":"Bhutan"},{"value":"21","choice":"Bolivia"},{"value":"22","choice":"Bosnia and Herzegovina"},{"value":"23","choice":"Botswana"},{"value":"24","choice":"Brazil"},{"value":"25","choice":"Brunei Darussalam"},{"value":"26","choice":"Bulgaria"},{"value":"27","choice":"Burkina Faso"},{"value":"28","choice":"Burma"},{"value":"29","choice":"Burundi"},{"value":"30","choice":"Cambodia"},{"value":"31","choice":"Cameroon"},{"value":"32","choice":"Canada"},{"value":"201","choice":"Canary Islands"},{"value":"33","choice":"Cape Verde"},{"value":"34","choice":"Central African Republic"},{"value":"35","choice":"Chad"},{"value":"36","choice":"Chile"},{"value":"37","choice":"China"},{"value":"38","choice":"Colombia"},{"value":"39","choice":"Comoros"},{"value":"40","choice":"Congo"},{"value":"41","choice":"Congo, Democratic Republic of the"},{"value":"42","choice":"Costa Rica"},{"value":"43","choice":"Cote d'Ivoire"},{"value":"44","choice":"Croatia"},{"value":"45","choice":"Cuba"},{"value":"46","choice":"Cyprus"},{"value":"47","choice":"Czech Republic"},{"value":"48","choice":"Denmark"},{"value":"49","choice":"Djibouti"},{"value":"50","choice":"Dominica"},{"value":"51","choice":"Dominican Republic"},{"value":"258","choice":"East Timor"},{"value":"52","choice":"Ecuador"},{"value":"53","choice":"Egypt"},{"value":"54","choice":"El Salvador"},{"value":"55","choice":"Equatorial Guinea"},{"value":"56","choice":"Eritrea"},{"value":"57","choice":"Estonia"},{"value":"58","choice":"Ethiopia"},{"value":"59","choice":"Fiji"},{"value":"60","choice":"Finland"},{"value":"61","choice":"France"},{"value":"62","choice":"Gabon"},{"value":"63","choice":"Gambia, The"},{"value":"64","choice":"Georgia"},{"value":"66","choice":"Ghana"},{"value":"203","choice":"Gibraltar"},{"value":"67","choice":"Greece"},{"value":"198","choice":"Greenland"},{"value":"68","choice":"Grenada"},{"value":"69","choice":"Guatemala"},{"value":"70","choice":"Guinea"},{"value":"71","choice":"Guinea-Bissau"},{"value":"72","choice":"Guyana"},{"value":"73","choice":"Haiti"},{"value":"74","choice":"Honduras"},{"value":"205","choice":"Hong Kong"},{"value":"75","choice":"Hungary"},{"value":"76","choice":"Iceland"},{"value":"77","choice":"India"},{"value":"78","choice":"Indonesia"},{"value":"79","choice":"Iran"},{"value":"80","choice":"Iraq"},{"value":"81","choice":"Ireland"},{"value":"82","choice":"Israel"},{"value":"83","choice":"Italy"},{"value":"84","choice":"Jamaica"},{"value":"85","choice":"Japan"},{"value":"86","choice":"Jordan"},{"value":"87","choice":"Kazakhstan"},{"value":"88","choice":"Kenya"},{"value":"89","choice":"Kiribati"},{"value":"90","choice":"Korea, North"},{"value":"91","choice":"Korea, South"},{"value":"259","choice":"Kosovo"},{"value":"92","choice":"Kuwait"},{"value":"93","choice":"Kyrgyzstan"},{"value":"94","choice":"Laos"},{"value":"95","choice":"Latvia"},{"value":"96","choice":"Lebanon"},{"value":"97","choice":"Lesotho"},{"value":"98","choice":"Liberia"},{"value":"99","choice":"Libya"},{"value":"101","choice":"Lithuania"},{"value":"102","choice":"Luxembourg"},{"value":"206","choice":"Macau"},{"value":"103","choice":"Macedonia"},{"value":"104","choice":"Madagascar"},{"value":"105","choice":"Malawi"},{"value":"106","choice":"Malaysia"},{"value":"107","choice":"Maldives"},{"value":"108","choice":"Mali"},{"value":"109","choice":"Malta"},{"value":"110","choice":"Marshall Islands"},{"value":"111","choice":"Mauritania"},{"value":"112","choice":"Mauritius"},{"value":"113","choice":"Mexico"},{"value":"114","choice":"Micronesia"},{"value":"115","choice":"Moldova"},{"value":"116","choice":"Monaco"},{"value":"117","choice":"Mongolia"},{"value":"202","choice":"Montenegro"},{"value":"118","choice":"Morocco"},{"value":"119","choice":"Mozambique"},{"value":"120","choice":"Myanmar"},{"value":"121","choice":"Namibia"},{"value":"122","choice":"Nauru"},{"value":"123","choice":"Nepal"},{"value":"204","choice":"Netherlands Antilles"},{"value":"125","choice":"New Zealand"},{"value":"126","choice":"Nicaragua"},{"value":"127","choice":"Niger"},{"value":"128","choice":"Nigeria"},{"value":"129","choice":"Norway"},{"value":"130","choice":"Oman"},{"value":"131","choice":"Pakistan"},{"value":"132","choice":"Palau"},{"value":"134","choice":"Panama"},{"value":"135","choice":"Papua New Guinea"},{"value":"136","choice":"Paraguay"},{"value":"137","choice":"Peru"},{"value":"138","choice":"Philippines"},{"value":"139","choice":"Poland"},{"value":"140","choice":"Portugal"},{"value":"141","choice":"Qatar"},{"value":"142","choice":"Romania"},{"value":"143","choice":"Russia"},{"value":"144","choice":"Rwanda"},{"value":"148","choice":"Samoa"},{"value":"149","choice":"San Marino"},{"value":"150","choice":"São Tomé and Príncipe"},{"value":"151","choice":"Saudi Arabia"},{"value":"152","choice":"Senegal"},{"value":"153","choice":"Serbia"},{"value":"154","choice":"Seychelles"},{"value":"155","choice":"Sierra Leone"},{"value":"156","choice":"Singapore"},{"value":"157","choice":"Slovakia"},{"value":"158","choice":"Slovenia"},{"value":"159","choice":"Solomon Islands"},{"value":"160","choice":"Somalia"},{"value":"161","choice":"South Africa"},{"value":"162","choice":"Spain"},{"value":"163","choice":"Sri Lanka"},{"value":"145","choice":"St. Kitts and Nevis"},{"value":"146","choice":"St. Lucia"},{"value":"147","choice":"St. Vincent and The Grenadines"},{"value":"164","choice":"Sudan"},{"value":"165","choice":"Suriname"},{"value":"166","choice":"Swaziland"},{"value":"167","choice":"Sweden"},{"value":"169","choice":"Syria"},{"value":"170","choice":"Taiwan"},{"value":"171","choice":"Tajikistan"},{"value":"172","choice":"Tanzania"},{"value":"173","choice":"Thailand"},{"value":"124","choice":"The Netherlands"},{"value":"174","choice":"Togo"},{"value":"175","choice":"Tonga"},{"value":"176","choice":"Trinidad and Tobago"},{"value":"177","choice":"Tunisia"},{"value":"178","choice":"Turkey"},{"value":"179","choice":"Turkmenistan"},{"value":"180","choice":"Tuvalu"},{"value":"181","choice":"Uganda"},{"value":"182","choice":"Ukraine"},{"value":"183","choice":"United Arab Emirates"},{"value":"184","choice":"United Kingdom"},{"value":"185","choice":"United States of America"},{"value":"186","choice":"Uruguay"},{"value":"187","choice":"Uzbekistan"},{"value":"188","choice":"Vanuatu"},{"value":"189","choice":"Vatican City"},{"value":"190","choice":"Venezuela"},{"value":"191","choice":"Vietnam"},{"value":"199","choice":"Virgin Islands"},{"value":"192","choice":"Western Sahara"},{"value":"193","choice":"Yemen"},{"value":"194","choice":"Yugoslavia"},{"value":"195","choice":"Zaire"},{"value":"196","choice":"Zambia"},{"value":"197","choice":"Zimbabwe"}],"17":[{"value":"1","choice":"Administration"},{"value":"2","choice":"CEO"},{"value":"3","choice":"CFO"},{"value":"4","choice":"CIO"},{"value":"5","choice":"CMO"},{"value":"6","choice":"COO"},{"value":"7","choice":"CTO"},{"value":"8","choice":"Chairman"},{"value":"9","choice":"Consultant"},{"value":"10","choice":"Controller"},{"value":"11","choice":"Designer"},{"value":"12","choice":"IT/IS Director"},{"value":"13","choice":"IT/IS Staff"},{"value":"14","choice":"Manager"},{"value":"15","choice":"PR/Marketing"},{"value":"16","choice":"President"},{"value":"17","choice":"Press/Journalist"},{"value":"18","choice":"Product/Brand Management"},{"value":"19","choice":"Sales/Business Development"},{"value":"20","choice":"Supervisor"},{"value":"21","choice":"System Integrator"},{"value":"22","choice":"VP Marketing"},{"value":"23","choice":"VP Sales"},{"value":"24","choice":"Self-employed"},{"value":"25","choice":"Intern"},{"value":"26","choice":"Student"},{"value":"27","choice":"Retired"},{"value":"28","choice":"Unemployed"},{"value":"29","choice":"Home"},{"value":"30","choice":"Other"}],"19":[{"value":"1","choice":"E-Commerce"},{"value":"2","choice":"Executive"},{"value":"3","choice":"Finance"},{"value":"4","choice":"Information Technology"},{"value":"5","choice":"Investments"},{"value":"6","choice":"Manufacturing"},{"value":"7","choice":"Marketing"},{"value":"8","choice":"New Business"},{"value":"9","choice":"New Media"},{"value":"10","choice":"Operations"},{"value":"11","choice":"PR/Communications"},{"value":"12","choice":"Research &amp; Development"},{"value":"13","choice":"Sales"},{"value":"14","choice":"Telecommunications"},{"value":"15","choice":"Human Resources"},{"value":"16","choice":"Customer Service/Support"},{"value":"17","choice":"Other"}],"20":[{"value":"1","choice":"Agriculture"},{"value":"2","choice":"Automotive/Transportation"},{"value":"3","choice":"Consulting/Other Services"},{"value":"4","choice":"Consumer Packaged Goods"},{"value":"5","choice":"Education/Research"},{"value":"6","choice":"Entertainment/Leisure"},{"value":"7","choice":"Financial Services"},{"value":"8","choice":"Government/Military/Public Sector"},{"value":"9","choice":"Hardware/Software"},{"value":"10","choice":"Health Care/Pharmaceutical"},{"value":"11","choice":"Manufacturing"},{"value":"12","choice":"Media/Publishing"},{"value":"13","choice":"Non-Profit"},{"value":"14","choice":"Retail/Wholesale/E-Commerce"},{"value":"15","choice":"Telecommunication"},{"value":"16","choice":"Travel/Hospitality"},{"value":"17","choice":"Utilities"},{"value":"18","choice":"Advertising/PR agency"}],"23":[{"value":"1","choice":"1 - 9"},{"value":"2","choice":"10 - 49"},{"value":"3","choice":"50 - 99"},{"value":"4","choice":"100 - 249"},{"value":"5","choice":"250 - 499"},{"value":"6","choice":"500 - 999"},{"value":"7","choice":"1,000 - 2,499"},{"value":"8","choice":"2,500 - 9,999"},{"value":"9","choice":"&gt;= 10,000"},{"value":"10","choice":"I don't know"}],"24":[{"value":"1","choice":"&lt; 99"},{"value":"2","choice":"100 - 249"},{"value":"3","choice":"250 - 499"},{"value":"4","choice":"500 - 999"},{"value":"5","choice":"1,000 - 2,499"},{"value":"6","choice":"2,500 - 9,999"},{"value":"7","choice":"&gt;= 10,000"},{"value":"8","choice":"I don't know"}],"45070":[{"value":"1","choice":"off"},{"value":"2","choice":"on"}],"31":[{"value":"1","choice":"True"},{"value":"2","choice":"False"}],"35":[{"value":"2","choice":"German"},{"value":"1","choice":"English"},{"value":"3","choice":"French"},{"value":"4","choice":"Italian"},{"value":"8","choice":"Spanish"},{"value":"9","choice":"Swedish"},{"value":"10","choice":"Norwegian"},{"value":"11","choice":"Dutch"},{"value":"12","choice":"Danish"},{"value":"13","choice":"Finnish"},{"value":"14","choice":"Portuguese"},{"value":"25","choice":"Turkish"},{"value":"22","choice":"Bulgarian"},{"value":"23","choice":"Moldavian"},{"value":"24","choice":"Slovak"},{"value":"15","choice":"Czech"},{"value":"16","choice":"Hungarian"},{"value":"20","choice":"Japanese"},{"value":"17","choice":"Polish"},{"value":"21","choice":"Russian"},{"value":"18","choice":"Romanian"},{"value":"19","choice":"Slovenian"},{"value":"26","choice":"Korean"},{"value":"27","choice":"Thai"},{"value":"28","choice":"Chinese (Simplified)"},{"value":"29","choice":"Chinese (Traditional)"},{"value":"38","choice":"Ukrainian"},{"value":"39","choice":"Macedonian"},{"value":"40","choice":"Arabic"},{"value":"41","choice":"Serbocroatian"},{"value":"42","choice":"Bosnian"},{"value":"43","choice":"Hebrew"},{"value":"44","choice":"Serbian"},{"value":"45","choice":"Greek"},{"value":"46","choice":"Latvian"},{"value":"47","choice":"Estonian"},{"value":"48","choice":"Croatian"},{"value":"49","choice":"Hindi"},{"value":"50","choice":"Brazilian"},{"value":"51","choice":"Mexican"},{"value":"52","choice":"Vietnamese"},{"value":"53","choice":"Lithuanian"},{"value":"54","choice":"Azerbaijani"},{"value":"55","choice":"Georgian"},{"value":"58","choice":"Afrikaans"},{"value":"68","choice":"Persian"}]}</preference>
            <preference preference-id="emarsysSmartInsightAvailableElements">
                <value>order</value>
                <value>item</value>
                <value>quantity</value>
                <value>date</value>
                <value>price</value>
                <value>custom.lineItem.shipment.shippingAddress.address1</value>
                <value>custom.lineItem.shipment.shippingAddress.countryCode</value>
                <value>custom.product.name</value>
                <value>custom.product.url</value>
                <value>custom.product.image</value>
                <value>custom.product.rebate</value>
                <value>customer.order.customerName</value>
                <value>c_sales_amount</value>
                <value>customer</value>
                <value>custom.order.paymentMethods</value>
            </preference>
            <preference preference-id="emarsysSourceID">89648</preference>
            <preference preference-id="emarsysSourceName">osf-test-source2</preference>
            <preference preference-id="emarsysUseGrossPrice">false</preference>
            <preference preference-id="emarsysWebDAVPasswordString"></preference>
            <preference preference-id="emarsysWebDAVURLString"></preference>
            <preference preference-id="emarsysWebDAVUsernameString"></preference>
        </development>
        <staging>
            <preference preference-id="emarsysCatalogExportType">[
        {
            "id" : "master",
            "name" : "master.export.type.label"
        },
        {
            "id" : "variations",
            "name" : "variations.export.type.label"
        }
    ]</preference>
        </staging>
        <production/>
    </custom-preferences>
</preferences>